{
    "@context": [
        "http://www.w3.org/ns/csvw",
        {
            "@language": "en"
        }
    ],
    "dc:bibliographicCitation": "Hammarstr\u00f6m, Harald & Forkel, Robert & Haspelmath, Martin & Bank, Sebastian. 2021. Glottolog 4.4. Leipzig: Max Planck Institute for Evolutionary Anthropology. (Available online at https://glottolog.org)",
    "dc:conformsTo": "http://cldf.clld.org/v1.0/terms.rdf#StructureDataset",
    "dc:description": "Comprehensive reference information for the world's languages, especially the lesser known languages",
    "dc:identifier": "https://glottolog.org",
    "dc:license": "https://creativecommons.org/licenses/by/4.0/",
    "dc:source": "sources.bib",
    "dc:title": "glottolog/glottolog: Glottolog database 4.4 as CLDF",
    "dcat:accessURL": "https://github.com/glottolog/glottolog-cldf",
    "prov:wasDerivedFrom": [
        {
            "rdf:type": "prov:Entity",
            "dc:title": "Repository",
            "rdf:about": "https://github.com/glottolog/glottolog-cldf",
            "dc:created": "v4.3-8-g22b4043"
        },
        {
            "rdf:type": "prov:Entity",
            "dc:title": "Glottolog",
            "rdf:about": "https://github.com/glottolog/glottolog",
            "dc:created": "v4.4"
        }
    ],
    "prov:wasGeneratedBy": [
        {
            "rdf:about": "https://github.com/glottolog/pyglottolog",
            "rdf:type": "prov:Entity",
            "dc:created": "3.5.0"
        },
        {
            "dc:title": "python",
            "dc:description": "3.8.5"
        },
        {
            "dc:title": "python-packages",
            "dc:relation": "requirements.txt"
        }
    ],
    "rdf:ID": "glottolog",
    "rdf:type": "http://www.w3.org/ns/dcat#Distribution",
    "dialect": {
        "commentPrefix": null
    },
    "tables": [
        {
            "dc:conformsTo": "http://cldf.clld.org/v1.0/terms.rdf#ValueTable",
            "dc:extent": 155400,
            "tableSchema": {
                "columns": [
                    {
                        "datatype": {
                            "base": "string",
                            "format": "[a-zA-Z0-9_\\-]+"
                        },
                        "propertyUrl": "http://cldf.clld.org/v1.0/terms.rdf#id",
                        "required": true,
                        "name": "ID"
                    },
                    {
                        "datatype": "string",
                        "propertyUrl": "http://cldf.clld.org/v1.0/terms.rdf#languageReference",
                        "required": true,
                        "name": "Language_ID"
                    },
                    {
                        "datatype": "string",
                        "propertyUrl": "http://cldf.clld.org/v1.0/terms.rdf#parameterReference",
                        "required": true,
                        "name": "Parameter_ID"
                    },
                    {
                        "datatype": "string",
                        "null": [
                            "<NA>"
                        ],
                        "propertyUrl": "http://cldf.clld.org/v1.0/terms.rdf#value",
                        "required": false,
                        "name": "Value"
                    },
                    {
                        "datatype": "string",
                        "propertyUrl": "http://cldf.clld.org/v1.0/terms.rdf#codeReference",
                        "required": false,
                        "name": "Code_ID"
                    },
                    {
                        "datatype": "string",
                        "propertyUrl": "http://cldf.clld.org/v1.0/terms.rdf#comment",
                        "required": false,
                        "name": "Comment"
                    },
                    {
                        "datatype": "string",
                        "propertyUrl": "http://cldf.clld.org/v1.0/terms.rdf#source",
                        "required": false,
                        "separator": ";",
                        "name": "Source"
                    },
                    {
                        "datatype": "string",
                        "name": "codeReference"
                    }
                ],
                "foreignKeys": [
                    {
                        "columnReference": [
                            "Parameter_ID"
                        ],
                        "reference": {
                            "resource": "parameters.csv",
                            "columnReference": [
                                "ID"
                            ]
                        }
                    },
                    {
                        "columnReference": [
                            "Code_ID"
                        ],
                        "reference": {
                            "resource": "codes.csv",
                            "columnReference": [
                                "ID"
                            ]
                        }
                    },
                    {
                        "columnReference": [
                            "Language_ID"
                        ],
                        "reference": {
                            "resource": "languages.csv",
                            "columnReference": [
                                "ID"
                            ]
                        }
                    }
                ],
                "primaryKey": [
                    "ID"
                ]
            },
            "url": "values.csv"
        },
        {
            "dc:conformsTo": "http://cldf.clld.org/v1.0/terms.rdf#ParameterTable",
            "dc:description": "This table lists parameters (or aspects) of languoids that Glottolog assigns values for, such as the languoid's position on the Glottolog classification or the descriptive status. Refer to the `Description` column in the table for details, and to the `datatype` columnn for information how values for the parameter should be interpreted.",
            "dc:extent": 6,
            "tableSchema": {
                "columns": [
                    {
                        "datatype": {
                            "base": "string",
                            "format": "[a-zA-Z0-9_\\-]+"
                        },
                        "propertyUrl": "http://cldf.clld.org/v1.0/terms.rdf#id",
                        "required": true,
                        "name": "ID"
                    },
                    {
                        "datatype": "string",
                        "propertyUrl": "http://cldf.clld.org/v1.0/terms.rdf#name",
                        "required": false,
                        "name": "Name"
                    },
                    {
                        "datatype": "string",
                        "propertyUrl": "http://cldf.clld.org/v1.0/terms.rdf#description",
                        "required": false,
                        "name": "Description"
                    },
                    {
                        "dc:description": "Describes the domain of the parameter",
                        "datatype": {
                            "base": "string",
                            "format": "categorical|sequential"
                        },
                        "default": null,
                        "name": "type"
                    },
                    {
                        "dc:description": "URL (relative to `aboutUrl`) of a web page with further information about the parameter",
                        "aboutUrl": "https://glottolog.org/{+infoUrl}",
                        "name": "infoUrl"
                    },
                    {
                        "dc:description": "CSVW datatype description for values for this parameter. I.e. content of the Value column of associated rows in ValueTable should be interpreted/parsed accordingly",
                        "datatype": "json",
                        "name": "datatype"
                    }
                ],
                "primaryKey": [
                    "ID"
                ]
            },
            "url": "parameters.csv"
        },
        {
            "dc:conformsTo": "http://cldf.clld.org/v1.0/terms.rdf#CodeTable",
            "dc:extent": 29,
            "tableSchema": {
                "columns": [
                    {
                        "datatype": {
                            "base": "string",
                            "format": "[a-zA-Z0-9_\\-]+"
                        },
                        "propertyUrl": "http://cldf.clld.org/v1.0/terms.rdf#id",
                        "required": true,
                        "name": "ID"
                    },
                    {
                        "datatype": "string",
                        "propertyUrl": "http://cldf.clld.org/v1.0/terms.rdf#parameterReference",
                        "required": true,
                        "name": "Parameter_ID"
                    },
                    {
                        "datatype": "string",
                        "propertyUrl": "http://cldf.clld.org/v1.0/terms.rdf#name",
                        "required": false,
                        "name": "Name"
                    },
                    {
                        "datatype": "string",
                        "propertyUrl": "http://cldf.clld.org/v1.0/terms.rdf#description",
                        "required": false,
                        "name": "Description"
                    }
                ],
                "foreignKeys": [
                    {
                        "columnReference": [
                            "Parameter_ID"
                        ],
                        "reference": {
                            "resource": "parameters.csv",
                            "columnReference": [
                                "ID"
                            ]
                        }
                    }
                ],
                "primaryKey": [
                    "ID"
                ]
            },
            "url": "codes.csv"
        },
        {
            "dc:conformsTo": "http://cldf.clld.org/v1.0/terms.rdf#LanguageTable",
            "dc:description": "This table lists all Glottolog languoids, i.e. families, languages and dialects which are nodes in the Glottolog classification - including \"non-genealogical\" trees as described at https://glottolog.org/glottolog/glottologinformation . Thus, assumptions about the properties of a languoid listed here should be made after including associated information from ValueTable, in particular for languoid level and category.",
            "dc:extent": 25900,
            "aboutUrl": "https://glottolog.org/meta/glossary#Languoid",
            "tableSchema": {
                "columns": [
                    {
                        "datatype": {
                            "base": "string",
                            "format": "[a-zA-Z0-9_\\-]+"
                        },
                        "propertyUrl": "http://cldf.clld.org/v1.0/terms.rdf#id",
                        "required": true,
                        "name": "ID"
                    },
                    {
                        "datatype": "string",
                        "propertyUrl": "http://cldf.clld.org/v1.0/terms.rdf#name",
                        "required": false,
                        "name": "Name"
                    },
                    {
                        "datatype": "string",
                        "propertyUrl": "http://cldf.clld.org/v1.0/terms.rdf#macroarea",
                        "required": false,
                        "separator": ";",
                        "name": "Macroarea"
                    },
                    {
                        "datatype": {
                            "base": "decimal",
                            "minimum": -90,
                            "maximum": 90
                        },
                        "propertyUrl": "http://cldf.clld.org/v1.0/terms.rdf#latitude",
                        "required": false,
                        "name": "Latitude"
                    },
                    {
                        "datatype": {
                            "base": "decimal",
                            "minimum": -180,
                            "maximum": 180
                        },
                        "propertyUrl": "http://cldf.clld.org/v1.0/terms.rdf#longitude",
                        "required": false,
                        "name": "Longitude"
                    },
                    {
                        "datatype": {
                            "base": "string",
                            "format": "[a-z0-9]{4}[1-9][0-9]{3}"
                        },
                        "propertyUrl": "http://cldf.clld.org/v1.0/terms.rdf#glottocode",
                        "required": false,
                        "valueUrl": "http://glottolog.org/resource/languoid/id/{glottocode}",
                        "name": "Glottocode"
                    },
                    {
                        "datatype": {
                            "base": "string",
                            "format": "[a-z]{3}"
                        },
                        "propertyUrl": "http://cldf.clld.org/v1.0/terms.rdf#iso639P3code",
                        "required": false,
                        "name": "ISO639P3code"
                    },
                    {
                        "dc:description": "ISO 3166-1 alpha-2 country codes for countries a language is spoken in.",
                        "aboutUrl": "https://en.wikipedia.org/wiki/ISO_3166-2:{Countries}",
                        "propertyUrl": "https://en.wikipedia.org/wiki/ISO_3166-1_alpha-2",
                        "separator": ";",
                        "name": "Countries"
                    },
                    {
                        "dc:description": "Glottocode of the top-level genetic unit, the languoid belongs to",
                        "name": "Family_ID"
                    },
                    {
                        "dc:description": "Glottocode of the language-level languoid, the languoid belongs to (in case of dialects)",
                        "name": "Language_ID"
                    }
                ],
                "foreignKeys": [
                    {
                        "columnReference": [
                            "Family_ID"
                        ],
                        "reference": {
                            "resource": "languages.csv",
                            "columnReference": [
                                "ID"
                            ]
                        }
                    },
                    {
                        "columnReference": [
                            "Language_ID"
                        ],
                        "reference": {
                            "resource": "languages.csv",
                            "columnReference": [
                                "ID"
                            ]
                        }
                    }
                ],
                "primaryKey": [
                    "ID"
                ]
            },
            "url": "languages.csv"
        }
    ]
}